,branch,synset,glossary,expert_certainty,old_bl_label,blness,accuracy,p1_rt,p1_acc,p2_rt,p2_acc,p3_rt,p3_acc,p4_rt,p4_acc,p5_rt,p5_acc,p6_rt,p6_acc,p7_rt,p7_acc,p8_rt,p8_acc,p9_rt,p9_acc,p10_rt,p10_acc,p11_rt,p11_acc,p12_rt,p12_acc,p13_rt,p13_acc,p14_rt,p14_acc,p15_rt,p15_acc,p16_rt,p16_acc,p17_rt,p17_acc,p18_rt,p18_acc,p19_rt,p19_acc,p20_rt,p20_acc,p21_rt,p21_acc,p22_rt,p22_acc,p23_rt,p23_acc,p24_rt,p24_acc,sample_mean_rt,sample_median_rt,sample_mean_acc,sample_std_deviation
68,musical_instrument.n.01,acoustic_guitar.n.01,sound is not amplified by electrical means,True,0,0.5,1.0,551.0,1.0,410.5,1.0,518.5,1.0,594.0,1.0,427.5,1.0,466.5,1.0,430.5,1.0,603.5,1.0,1148.5,1.0,530.5,1.0,606.0,1.0,501.5,1.0,586.0,0.5,596.0,1.0,418.5,1.0,492.5,1.0,455.5,1.0,472.0,1.0,633.5,1.0,666.0,0.5,409.0,1.0,522.5,1.0,361.0,1.0,843.5,1.0,551.8541666666666,520.5,0.9583333333333334,165.16819353555059
31,edible_fruit.n.01,apple.n.01,fruit with red or yellow or green skin and sweet to tart crisp whitish flesh,True,1,1.0,1.0,437.5,1.0,630.0,1.0,469.5,1.0,405.5,1.0,540.5,1.0,340.0,1.0,430.5,1.0,638.0,1.0,697.0,1.0,506.0,1.0,514.5,1.0,516.5,1.0,612.5,1.0,407.5,1.0,440.0,1.0,486.5,1.0,586.0,1.0,515.5,1.0,819.5,1.0,623.5,1.0,382.0,1.0,506.0,1.0,450.0,1.0,652.0,1.0,525.2708333333334,510.25,1.0,113.31170736231238
96,furniture.n.01,armchair.n.01,chair with a support on each side for arms,True,0,0.5,1.0,835.0,1.0,447.5,1.0,542.5,1.0,542.5,1.0,1324.0,1.0,395.5,1.0,494.0,1.0,512.0,1.0,927.0,1.0,575.0,1.0,487.0,1.0,582.0,1.0,624.0,1.0,482.0,1.0,460.0,1.0,816.5,1.0,1575.5,1.0,607.0,1.0,762.0,1.0,467.5,1.0,470.0,1.0,505.5,1.0,633.5,0.5,508.5,1.0,649.0,542.5,0.9791666666666666,283.21442944080064
90,furniture.n.01,armoire.n.01,a large wardrobe or cabinet; originally used for storing weapons,True,0,0.0,1.0,681.5,1.0,491.5,0.5,572.5,0.5,649.5,1.0,694.0,0.5,495.5,1.0,434.5,1.0,884.0,1.0,1006.0,0.5,563.0,0.5,792.0,0.5,648.0,0.5,666.0,1.0,439.0,1.0,601.5,0.5,763.0,0.5,1018.0,0.5,557.5,1.0,1036.5,1.0,415.5,0.5,559.0,1.0,417.5,1.0,616.0,0.5,555.0,0.5,648.1875,608.75,0.7291666666666666,185.83383253653622
5,hand_tool.n.01,awl.n.01,a pointed tool for marking surfaces or for punching small holes,True,1,0.5,1.0,663.5,1.0,710.5,0.5,614.5,0.0,803.5,0.5,702.5,0.5,523.0,1.0,902.0,1.0,955.5,0.5,914.5,0.5,588.0,0.5,560.5,1.0,919.0,1.0,681.0,0.5,563.5,1.0,462.0,1.0,752.5,0.5,954.5,0.5,508.5,0.5,1118.0,0.5,863.5,0.5,454.0,0.5,649.0,0.5,587.5,1.0,714.5,0.5,715.2291666666666,691.75,0.6458333333333334,178.71151024745868
105,furniture.n.01,baby_bed.n.01,a small bed for babies; enclosed by sides to prevent the baby from falling,False,1,1.0,0.5,523.5,1.0,505.0,1.0,412.5,1.0,474.0,0.5,550.0,1.0,420.5,1.0,450.5,1.0,533.5,1.0,955.0,1.0,486.0,1.0,873.5,1.0,575.0,1.0,495.5,1.0,416.5,1.0,479.5,1.0,748.5,1.0,893.0,1.0,655.0,1.0,730.0,1.0,544.0,1.0,492.5,1.0,690.5,1.0,788.0,1.0,579.5,1.0,594.6458333333334,538.75,0.9791666666666666,159.72098492484423
71,musical_instrument.n.01,bagpipe.n.01,a tubular wind instrument; the player blows air into a bag and squeezes it out through the drone,True,1,0.5,1.0,1007.5,1.0,473.0,1.0,609.5,0.5,641.0,1.0,500.5,1.0,590.5,0.5,562.0,1.0,559.0,1.0,728.0,1.0,611.5,1.0,518.5,1.0,695.0,1.0,620.0,1.0,616.5,1.0,553.5,1.0,628.5,1.0,736.0,1.0,483.0,1.0,1460.0,1.0,683.5,1.0,567.0,0.5,662.0,0.5,643.5,1.0,873.0,0.0,667.6041666666666,618.25,0.875,206.7687207846669
78,musical_instrument.n.01,bass_clarinet.n.01,a large clarinet whose range is an octave below the B-flat clarinet,True,0,0.0,1.0,982.0,1.0,691.0,0.5,738.0,1.0,619.5,1.0,740.0,1.0,1061.0,1.0,643.5,1.0,581.5,1.0,598.0,1.0,748.5,1.0,938.5,1.0,1125.0,0.5,729.5,1.0,446.0,1.0,724.0,0.5,1075.0,1.0,1227.5,1.0,738.5,1.0,1580.5,1.0,1030.5,0.5,644.0,1.0,1190.0,1.0,828.0,0.5,949.5,1.0,859.5625,744.25,0.8958333333333334,261.15214258375704
53,musical_instrument.n.01,bass_horn.n.01,the lowest brass wind instrument,True,1,0.5,1.0,718.5,1.0,678.0,1.0,544.0,1.0,833.5,1.0,696.0,1.0,454.5,1.0,518.5,1.0,556.0,1.0,1432.0,1.0,686.5,1.0,617.5,1.0,1011.0,1.0,777.5,1.0,582.0,1.0,514.5,1.0,795.5,1.0,1038.0,1.0,842.0,1.0,1360.5,0.5,677.5,0.5,566.0,1.0,614.5,1.0,833.5,0.5,655.5,1.0,750.125,682.25,0.9375,248.1134141967093
73,musical_instrument.n.01,bassoon.n.01,a double-reed instrument; the tenor of the oboe family,False,1,0.5,0.5,919.5,0.5,602.0,1.0,450.0,1.0,1219.5,1.0,454.0,1.0,558.5,1.0,508.0,1.0,703.0,1.0,2077.0,1.0,626.0,1.0,924.5,0.5,1508.5,1.0,1129.5,1.0,499.0,1.0,483.5,1.0,613.5,1.0,703.5,1.0,602.0,1.0,1195.0,1.0,960.5,1.0,584.0,1.0,766.5,1.0,682.0,0.5,720.5,0.5,812.0833333333334,692.5,0.9166666666666666,386.29223187348344
126,clothing.n.01,bathrobe.n.01,a loose-fitting robe of towelling; worn after a bath or swim,True,0,0.0,1.0,693.5,1.0,558.5,0.5,526.5,0.5,621.5,1.0,549.5,1.0,403.0,1.0,670.5,1.0,464.0,1.0,759.0,1.0,567.0,1.0,573.5,1.0,611.0,1.0,674.0,1.0,570.0,1.0,480.0,1.0,529.0,1.0,836.0,1.0,445.5,1.0,1037.0,1.0,739.0,1.0,477.5,1.0,791.0,0.5,674.0,1.0,1422.0,1.0,653.0208333333334,592.25,0.9375,217.6154605664226
91,furniture.n.01,bed.n.01,a piece of furniture that provides a place to sleep,True,1,1.0,1.0,449.0,1.0,548.5,1.0,449.0,1.0,594.0,1.0,463.0,1.0,424.0,1.0,555.0,1.0,865.0,1.0,541.5,1.0,542.5,1.0,714.0,1.0,731.0,1.0,1361.0,1.0,502.5,1.0,425.0,0.5,499.5,1.0,630.5,1.0,707.5,1.0,765.5,1.0,577.5,1.0,670.5,1.0,538.0,1.0,617.0,1.0,368.5,1.0,605.8125,551.75,0.9791666666666666,202.0321655675478
93,furniture.n.01,bench.n.01,a long seat for more than one person,True,1,0.5,1.0,1117.5,1.0,587.0,1.0,575.0,1.0,1151.0,0.0,761.0,1.0,417.0,1.0,608.5,1.0,911.5,1.0,531.5,1.0,651.0,1.0,699.0,1.0,645.5,1.0,851.0,1.0,446.5,1.0,509.0,1.0,599.0,1.0,941.5,1.0,482.5,1.0,1369.0,1.0,680.0,1.0,614.5,1.0,638.0,0.5,657.0,1.0,578.0,1.0,709.2291666666666,641.75,0.9375,236.82299293329618
130,clothing.n.01,bikini.n.02,a woman's very brief bathing suit,True,0,1.0,1.0,395.0,1.0,426.0,1.0,372.5,1.0,450.5,1.0,408.5,0.5,456.0,1.0,383.0,1.0,449.5,1.0,657.5,1.0,426.5,1.0,541.0,1.0,537.0,1.0,597.5,1.0,365.5,1.0,449.0,1.0,634.5,1.0,494.5,1.0,367.5,1.0,958.5,1.0,424.0,1.0,450.5,1.0,428.0,1.0,508.5,1.0,455.5,1.0,484.8541666666667,450.0,0.9791666666666666,128.71729041371745
40,edible_fruit.n.01,bitter_orange.n.02,highly acidic orange used especially in marmalade,True,0,0.0,1.0,593.5,1.0,503.0,1.0,429.0,1.0,706.5,1.0,476.5,1.0,496.5,1.0,563.5,1.0,636.5,1.0,578.0,1.0,566.0,1.0,697.0,1.0,972.0,1.0,901.5,1.0,487.0,1.0,496.5,1.0,742.5,1.0,729.5,1.0,456.5,1.0,1704.0,1.0,1057.0,1.0,530.0,1.0,585.5,1.0,941.0,1.0,811.5,1.0,694.1875,589.5,1.0,278.27312250111714
120,clothing.n.01,blazer.n.01,lightweight single-breasted jacket; often striped in the colors of a club or school,True,0,0.6666666666666666,1.0,776.5,0.5,617.5,1.0,711.5,0.5,389.5,1.0,619.0,1.0,515.0,1.0,438.5,1.0,440.0,1.0,795.0,1.0,459.0,1.0,733.0,1.0,650.5,1.0,514.5,1.0,515.0,1.0,549.5,0.0,636.0,0.5,1055.5,0.5,505.5,1.0,819.5,1.0,392.0,1.0,761.0,1.0,420.0,1.0,477.0,1.0,473.0,1.0,594.3125,532.25,0.875,166.8966624109453
62,musical_instrument.n.01,bongo.n.01,a small drum; played with the hands,True,0,0.0,1.0,742.0,1.0,494.5,1.0,513.0,1.0,595.5,1.0,461.0,1.0,371.0,1.0,500.5,1.0,797.0,1.0,893.0,1.0,628.5,1.0,567.0,1.0,844.5,1.0,649.0,1.0,528.5,1.0,559.0,1.0,638.0,1.0,825.5,1.0,627.0,1.0,1131.5,1.0,586.5,1.0,639.5,1.0,664.5,1.0,494.5,1.0,600.5,1.0,639.6458333333334,613.75,1.0,165.62204741694177
50,edible_fruit.n.01,bosc.n.01,greenish-yellow pear,True,0,0.0,1.0,813.5,0.0,605.0,0.0,598.0,0.5,623.0,0.5,645.0,0.5,477.0,0.5,703.0,0.0,1020.5,0.5,915.0,0.5,625.5,0.5,1200.5,0.0,852.5,0.0,691.5,0.5,566.0,0.0,651.5,0.0,770.0,0.5,752.5,0.5,610.5,0.5,1023.0,0.0,575.0,0.5,572.0,0.0,544.0,0.5,653.0,0.0,629.5,0.5,713.2083333333334,648.25,0.2916666666666667,176.80355818932432
128,clothing.n.01,bow_tie.n.01,a man's tie that ties in a bow,False,0,0.3,0.5,742.0,1.0,768.5,1.0,443.5,1.0,796.0,1.0,578.5,1.0,396.5,1.0,566.5,1.0,623.5,0.5,736.0,1.0,589.0,1.0,897.0,1.0,710.0,1.0,646.5,1.0,551.5,0.5,684.0,1.0,1736.5,1.0,864.5,1.0,566.5,1.0,1306.5,1.0,705.0,1.0,581.0,1.0,630.0,1.0,855.5,1.0,957.0,1.0,747.1458333333334,694.5,0.9583333333333334,282.2839103966795
6,hand_tool.n.01,bradawl.n.01,an awl for making small holes for brads or small screws,True,0,0.0,1.0,611.0,0.5,567.0,0.5,619.0,0.0,868.5,0.5,714.5,0.0,462.5,0.5,704.0,0.5,1016.5,0.0,1058.5,0.5,584.5,1.0,1193.5,0.5,1039.5,0.5,809.0,0.0,538.5,0.5,767.0,1.0,934.5,0.5,1316.0,0.5,502.5,0.5,1059.0,0.5,668.5,0.5,670.0,0.5,749.0,0.0,1033.5,0.0,1379.5,0.0,827.75,758.0,0.3958333333333333,259.462068937622
123,clothing.n.01,brassiere.n.01,an undergarment worn by women to support their breasts,True,1,0.5,1.0,612.5,1.0,459.0,0.5,855.5,0.0,745.5,0.5,921.0,1.0,507.0,1.0,407.5,1.0,637.0,0.0,1459.5,1.0,552.5,1.0,966.0,0.5,1072.0,1.0,667.0,1.0,536.5,1.0,513.0,0.5,636.0,1.0,1249.0,1.0,640.0,1.0,875.0,1.0,855.0,1.0,475.0,1.0,754.0,1.0,658.0,1.0,1145.0,0.5,758.2708333333334,662.5,0.8125,269.7595539335091
28,hand_tool.n.01,brick_trowel.n.01,a trowel used in masonry,True,0,0.0,1.0,705.0,0.5,493.0,0.5,513.5,0.5,856.5,1.0,795.5,0.5,634.5,1.0,780.0,1.0,802.0,0.5,1076.5,1.0,640.0,1.0,901.5,1.0,958.0,1.0,668.5,0.5,781.5,1.0,557.0,0.5,723.5,1.0,1604.5,0.5,558.0,0.5,1112.0,1.0,618.0,0.5,442.5,0.5,660.5,1.0,920.0,0.0,754.0,0.5,773.1666666666666,738.75,0.7083333333333334,248.38358600580162
92,furniture.n.01,bunk_bed.n.01,beds built one above the other,True,0,0.5,1.0,510.0,1.0,475.0,1.0,466.0,1.0,676.0,1.0,544.0,1.0,498.0,1.0,797.0,0.5,577.5,1.0,1072.5,1.0,481.5,1.0,511.5,1.0,512.0,1.0,894.0,1.0,420.0,1.0,412.5,1.0,644.0,1.0,1167.0,1.0,552.0,1.0,1263.5,1.0,698.0,1.0,563.0,1.0,1126.0,0.5,535.5,1.0,709.0,1.0,671.0625,557.5,0.9583333333333334,251.5718979475977
118,clothing.n.01,business_suit.n.01,a suit of clothes traditionally worn by businessmen,True,0,1.0,1.0,465.5,1.0,417.5,1.0,506.0,1.0,461.0,1.0,638.5,1.0,543.0,1.0,445.5,1.0,712.5,1.0,468.5,1.0,468.5,1.0,549.0,1.0,462.5,1.0,549.0,1.0,463.5,0.5,641.0,1.0,603.5,1.0,1094.0,1.0,448.5,1.0,784.5,1.0,572.0,0.5,434.5,1.0,388.0,1.0,512.0,1.0,461.5,1.0,545.4166666666666,487.25,0.9583333333333334,151.71459666287785
81,furniture.n.01,cabinet.n.01,a piece of furniture resembling a cupboard with doors and shelves and drawers; for storage or display,True,1,1.0,1.0,710.5,1.0,488.5,1.0,481.5,1.0,517.0,1.0,484.0,0.5,472.5,1.0,663.5,1.0,474.5,1.0,646.0,1.0,599.5,1.0,770.5,1.0,672.5,1.0,651.0,1.0,438.5,1.0,593.5,1.0,783.0,1.0,1074.0,1.0,491.5,1.0,1124.5,1.0,887.5,1.0,593.0,1.0,686.5,1.0,624.0,1.0,567.0,1.0,645.6041666666666,611.75,0.9791666666666666,180.2429507254913
100,furniture.n.01,campstool.n.01,a folding stool,True,0,0.0,1.0,750.5,0.5,786.0,0.5,626.0,1.0,732.0,0.5,460.5,1.0,405.5,1.0,806.0,0.0,702.0,1.0,1071.5,1.0,684.0,1.0,516.0,1.0,981.5,1.0,759.0,1.0,568.0,0.5,672.0,1.0,986.0,1.0,1115.5,0.5,548.5,1.0,1321.0,0.5,704.0,1.0,660.0,1.0,976.0,0.5,892.5,1.0,911.0,0.5,776.4583333333334,741.25,0.7916666666666666,221.3525574962822
11,hand_tool.n.01,can_opener.n.01,a device for cutting cans open,True,1,0.5,1.0,739.5,1.0,475.0,1.0,645.5,0.5,990.0,1.0,603.0,0.5,336.5,1.0,593.0,1.0,890.0,0.5,912.5,0.5,572.5,1.0,888.0,1.0,1218.0,1.0,671.5,0.5,484.0,1.0,465.5,1.0,1057.5,1.0,1016.0,1.0,563.5,0.5,1287.0,0.5,742.0,1.0,477.0,1.0,550.5,1.0,512.0,1.0,806.5,0.5,729.0208333333334,658.5,0.8333333333333334,254.273452561482
134,clothing.n.01,cape.n.02,a sleeveless garment like a cloak but shorter,False,0,1.0,0.5,523.0,1.0,364.5,1.0,442.5,1.0,532.0,1.0,412.0,1.0,408.0,1.0,464.5,1.0,479.0,1.0,450.5,1.0,497.5,1.0,524.5,1.0,760.5,0.5,615.5,1.0,407.5,1.0,455.5,1.0,599.0,1.0,945.5,1.0,688.0,1.0,951.0,0.5,557.0,1.0,423.5,1.0,829.0,1.0,712.0,1.0,1082.0,0.0,588.5,523.75,0.9166666666666666,197.3713119544193
10,hand_tool.n.01,carpenter's_hammer.n.01,a hammer with a cleft at one end for pulling nails,True,0,0.5,1.0,617.5,1.0,521.5,1.0,423.0,1.0,534.0,1.0,593.5,1.0,370.5,1.0,552.5,1.0,551.0,1.0,541.0,1.0,548.0,1.0,506.5,1.0,819.0,0.5,524.5,1.0,603.5,1.0,556.5,1.0,679.0,1.0,1476.5,1.0,506.5,1.0,1199.0,1.0,629.0,1.0,505.0,1.0,680.5,0.5,707.0,1.0,1124.0,1.0,657.0416666666666,554.5,0.9583333333333334,258.4514047614917
26,hand_tool.n.01,carpenter's_square.n.01,a steel square used by carpenters; larger than a try square,True,0,0.0,1.0,862.5,1.0,758.0,0.5,644.0,1.0,762.0,0.5,644.0,1.0,601.5,1.0,537.5,1.0,863.0,1.0,770.5,1.0,599.0,1.0,1290.5,1.0,851.5,1.0,796.5,1.0,569.0,0.5,711.5,1.0,651.0,1.0,1806.5,0.5,562.0,1.0,1207.5,1.0,1116.0,1.0,558.0,0.5,681.5,1.0,714.5,1.0,939.5,0.5,812.3958333333334,736.25,0.875,292.4611820829601
104,furniture.n.01,cathedra.n.01,a throne that is the official chair of a bishop,False,0,0.3,0.5,669.0,0.5,684.0,0.5,530.0,0.5,597.0,1.0,647.5,0.5,767.5,1.0,988.5,1.0,1618.5,0.5,1126.0,1.0,717.5,0.5,1952.5,1.0,1401.5,1.0,1208.0,0.0,474.5,0.5,571.5,0.5,548.0,0.0,863.0,0.5,666.0,0.5,1489.0,0.5,986.0,0.5,930.0,1.0,664.0,1.0,1200.5,0.5,992.5,1.0,928.8541666666666,815.25,0.6458333333333334,386.25274669536026
95,furniture.n.01,chair.n.01,"a seat for one person, with a support for the back",True,1,1.0,1.0,527.0,1.0,503.0,1.0,515.0,1.0,382.5,1.0,620.5,1.0,607.5,1.0,445.0,1.0,514.0,1.0,1118.5,1.0,545.5,1.0,566.5,1.0,576.0,0.5,640.0,1.0,689.5,1.0,414.0,1.0,445.0,1.0,1146.0,1.0,701.0,1.0,727.5,1.0,630.0,1.0,381.0,1.0,519.0,1.0,493.0,0.5,469.5,1.0,590.6875,536.25,0.9583333333333334,192.16183241465126
42,edible_fruit.n.01,cherimoya.n.02,large tropical fruit with leathery skin and soft pulp; related to custard apples,False,0,0.3,0.5,797.0,0.5,618.0,1.0,811.5,1.0,563.5,1.0,736.0,0.5,905.5,1.0,762.5,0.5,716.0,1.0,1312.5,0.5,640.0,0.5,516.0,0.5,717.5,0.5,600.0,0.5,473.0,0.5,621.5,0.5,891.5,0.5,830.0,1.0,727.5,1.0,959.0,1.0,857.0,0.5,640.5,1.0,376.0,0.5,424.5,0.5,634.5,0.5,713.7916666666666,716.75,0.6875,198.43912201208596
33,edible_fruit.n.01,cherry.n.03,a red fruit with a single hard stone,True,1,0.5,1.0,538.0,1.0,494.5,1.0,396.5,1.0,1104.0,0.5,571.5,1.0,403.0,1.0,628.5,1.0,777.0,1.0,533.5,1.0,575.5,1.0,507.5,1.0,879.0,1.0,544.0,1.0,629.5,1.0,407.5,1.0,774.5,1.0,727.5,1.0,842.5,0.5,873.5,1.0,882.0,1.0,664.5,1.0,628.5,1.0,685.0,1.0,538.5,1.0,650.25,628.5,0.9583333333333334,178.13825846918675
83,furniture.n.01,chest_of_drawers.n.01,furniture with drawers for keeping clothes,True,1,0.5,1.0,1059.0,1.0,587.0,0.5,1399.0,0.5,517.0,1.0,669.5,1.0,384.5,1.0,872.5,1.0,516.5,1.0,1010.0,1.0,492.5,1.0,590.5,1.0,962.5,1.0,599.0,1.0,462.0,1.0,512.5,1.0,1187.5,0.5,1463.0,1.0,575.5,1.0,1743.0,1.0,698.0,1.0,531.5,1.0,502.0,0.5,798.0,1.0,699.0,1.0,784.6458333333334,634.25,0.9166666666666666,359.8378100576723
12,hand_tool.n.01,church_key.n.01,can opener that has a triangular pointed end that pierces the tops of cans,True,0,0.0,1.0,829.0,1.0,484.0,0.5,497.0,0.5,866.0,1.0,902.0,1.0,584.5,1.0,887.5,1.0,716.5,1.0,753.5,0.5,643.5,0.5,1211.0,0.5,756.0,1.0,1039.5,0.5,780.5,1.0,597.5,0.5,1054.5,0.5,1415.0,0.5,573.5,0.5,1368.5,1.0,1341.5,0.5,492.5,1.0,806.5,0.5,1101.5,0.5,1336.5,1.0,876.5833333333334,817.75,0.7291666666666666,295.4641031189475
77,musical_instrument.n.01,clarinet.n.01,a single-reed instrument with a straight tube,True,1,1.0,1.0,484.0,1.0,428.0,1.0,681.0,0.5,566.5,1.0,416.5,1.0,404.0,1.0,387.5,1.0,689.5,1.0,598.5,1.0,435.5,1.0,677.0,1.0,459.5,1.0,917.0,1.0,393.0,0.5,468.0,1.0,591.0,1.0,712.5,1.0,515.0,1.0,800.0,1.0,866.5,0.5,408.5,0.5,499.0,1.0,473.5,1.0,501.5,1.0,557.2083333333334,500.25,0.9166666666666666,154.51001913951328
38,edible_fruit.n.01,clementine.n.02,a mandarin orange of a deep reddish orange color and few seeds,True,0,0.0,1.0,962.5,1.0,803.5,1.0,613.0,0.5,978.5,1.0,571.0,1.0,439.5,1.0,571.5,1.0,1414.0,0.5,850.0,0.5,525.5,1.0,940.5,0.5,1595.5,0.5,723.0,1.0,460.0,1.0,579.0,1.0,590.0,1.0,713.5,1.0,684.0,1.0,2570.5,1.0,1005.5,1.0,746.0,0.0,1175.0,1.0,552.5,1.0,741.0,0.5,866.875,732.0,0.8333333333333334,463.846049469752
133,clothing.n.01,cloak.n.02,a loose outer garment,False,1,0.5,0.5,768.0,0.5,384.5,1.0,561.0,1.0,957.0,1.0,530.0,1.0,370.5,1.0,549.0,1.0,460.0,1.0,783.5,1.0,558.0,1.0,612.5,1.0,619.0,1.0,719.0,1.0,446.0,1.0,618.0,1.0,553.5,1.0,866.0,1.0,430.0,1.0,862.0,0.5,829.5,1.0,619.0,0.5,516.5,0.5,665.5,0.5,552.0,0.5,617.9166666666666,586.75,0.875,159.7437939644133
4,clothing.n.01,clothing.n.01,a covering designed to be worn on a person's body,True,0,0.4375,1.0,540.6666666666666,1.0,488.46666666666664,0.8666666666666667,448.96666666666664,1.0,766.1,0.8666666666666667,651.5666666666667,1.0,455.4,0.9666666666666667,484.3666666666667,1.0,711.1,0.9666666666666667,720.5,0.9666666666666667,579.9333333333333,0.9,636.6,0.9666666666666667,662.4333333333333,0.9666666666666667,708.4333333333333,1.0,476.8666666666667,0.9666666666666667,506.1,0.9666666666666667,547.5,1.0,793.4,1.0,594.6,1.0,889.6,1.0,644.1,0.9666666666666667,553.0666666666667,0.9333333333333333,597.4666666666667,0.9333333333333333,540.8666666666667,0.9333333333333333,559.9666666666667,0.9666666666666667,606.5861111111112,587.2666666666667,0.9638888888888887,114.93091557221369
121,clothing.n.01,coat.n.01,an outer garment that has sleeves and covers the body from shoulder down; worn outdoors,True,1,1.0,1.0,497.0,1.0,472.0,1.0,591.0,0.5,839.0,1.0,577.5,1.0,654.5,1.0,668.0,1.0,630.5,0.5,720.0,1.0,900.5,1.0,1546.5,1.0,666.0,1.0,992.5,1.0,539.5,0.5,563.5,1.0,828.0,1.0,914.5,0.5,762.5,1.0,689.0,1.0,837.0,1.0,610.0,1.0,578.0,1.0,811.5,1.0,671.0,1.0,731.6458333333334,669.5,0.9166666666666666,221.94846048648063
88,furniture.n.01,coffee_table.n.01,low table where magazines can be placed and coffee or cocktails are served,True,0,0.0,1.0,983.5,1.0,663.5,1.0,443.0,1.0,883.0,1.0,537.5,1.0,391.0,1.0,798.5,1.0,589.0,1.0,854.0,1.0,676.5,1.0,1061.5,1.0,773.0,1.0,785.5,1.0,505.0,1.0,571.5,1.0,686.5,1.0,1416.5,1.0,665.5,1.0,1548.0,1.0,614.0,1.0,644.5,1.0,1081.5,1.0,702.5,1.0,511.5,1.0,766.1041666666666,681.5,1.0,284.9722709304808
74,musical_instrument.n.01,contrabassoon.n.01,the bassoon that is the largest instrument in the oboe family,False,0,0.3,0.5,895.0,1.0,869.5,1.0,529.0,1.0,569.0,1.0,733.5,1.0,440.5,1.0,539.5,1.0,910.5,1.0,934.0,1.0,650.5,1.0,1591.5,1.0,1300.5,1.0,1321.0,1.0,531.5,1.0,581.5,1.0,656.0,0.5,744.5,1.0,674.5,1.0,2445.0,1.0,784.5,0.5,510.5,1.0,964.0,0.5,800.5,0.5,721.0,1.0,862.3958333333334,739.0,0.9166666666666666,438.9852918989692
106,furniture.n.01,cradle.n.01,a baby bed with sides and rockers,False,0,0.3,0.5,742.5,1.0,610.0,0.5,850.0,0.0,684.0,0.5,850.0,1.0,350.5,1.0,379.5,1.0,539.0,1.0,1123.0,1.0,664.0,0.0,965.5,1.0,732.5,1.0,782.5,1.0,638.5,1.0,547.0,0.5,756.0,0.5,1104.0,0.0,746.0,1.0,1036.0,0.0,473.5,1.0,501.5,1.0,984.0,0.0,580.0,0.5,590.5,0.0,717.9166666666666,708.25,0.6458333333333334,214.9957869489472
30,hand_tool.n.01,crescent_wrench.n.01,an adjustable wrench designed to fit hexagonal nuts with the adjusting screw built into the head of the wrench,True,0,0.0,1.0,1076.5,0.5,672.5,1.0,631.5,1.0,1388.5,1.0,606.5,1.0,514.5,1.0,655.0,1.0,676.0,1.0,1576.5,1.0,624.0,1.0,622.5,1.0,763.0,1.0,750.0,1.0,647.5,0.5,644.0,1.0,868.0,1.0,753.0,1.0,858.5,1.0,1295.0,1.0,662.0,1.0,901.5,0.0,601.5,1.0,1008.0,0.5,1316.0,0.5,838.0,713.0,0.875,290.3202878980685
41,edible_fruit.n.01,custard_apple.n.02,the fruit of any of several tropical American trees of the genus Annona having soft edible pulp,False,1,0.5,0.5,580.5,0.5,378.0,0.5,667.5,1.0,428.5,1.0,654.5,1.0,574.0,1.0,881.0,0.5,1047.0,1.0,829.5,1.0,731.5,0.5,795.5,1.0,909.0,1.0,665.0,1.0,645.5,1.0,562.5,1.0,886.5,1.0,1174.0,0.5,649.0,0.5,1268.5,1.0,606.5,0.5,470.5,1.0,650.0,1.0,501.0,1.0,592.0,1.0,714.4791666666666,652.25,0.8541666666666666,223.88969912255547
59,musical_instrument.n.01,cymbal.n.01,a percussion instrument consisting of a concave brass disk; makes a loud crashing sound when hit with a drumstick or when two are struck together,False,1,0.5,0.5,944.5,1.0,533.5,0.5,507.0,1.0,990.5,1.0,639.5,1.0,394.5,1.0,431.5,1.0,716.5,1.0,517.0,1.0,722.0,1.0,1162.5,1.0,565.0,1.0,811.5,1.0,632.5,1.0,575.0,1.0,512.0,1.0,718.5,0.5,448.5,1.0,991.0,1.0,708.0,0.5,528.0,1.0,555.5,0.0,566.0,1.0,644.5,0.5,658.9583333333334,603.75,0.875,196.92996529701634
52,edible_fruit.n.01,damson.n.01,dark purple plum of the damson tree,True,0,0.0,1.0,629.0,0.5,641.5,0.5,630.5,1.0,1004.5,0.5,701.5,0.5,590.0,0.5,855.0,1.0,1100.0,1.0,1078.0,0.5,671.5,0.5,1809.0,1.0,877.5,0.5,927.5,0.0,544.0,0.0,558.0,1.0,954.5,0.5,1019.5,0.5,560.0,0.5,1340.0,0.5,909.0,0.5,562.0,1.0,933.0,0.0,807.0,1.0,802.0,0.5,854.3541666666666,831.0,0.5833333333333334,292.4107622761644
101,furniture.n.01,desk.n.01,a piece of furniture with a writing surface and usually drawers or other compartments,True,1,1.0,1.0,614.5,0.5,570.5,0.5,471.0,0.5,570.0,1.0,530.5,1.0,713.5,1.0,496.0,1.0,835.5,0.5,868.0,1.0,617.5,0.5,897.0,1.0,933.0,1.0,985.0,1.0,485.5,1.0,717.0,1.0,694.0,1.0,835.5,1.0,446.5,1.0,1354.5,1.0,695.0,1.0,442.0,1.0,982.0,1.0,609.5,1.0,536.0,1.0,704.1458333333334,655.75,0.8958333333333334,221.63211190024407
82,furniture.n.01,dresser.n.05,a cabinet with shelves,True,0,0.5,1.0,603.0,0.5,417.0,1.0,504.0,1.0,512.5,1.0,472.0,1.0,470.5,1.0,500.0,1.0,474.0,1.0,992.5,1.0,472.0,1.0,670.5,1.0,604.5,1.0,618.5,1.0,601.5,0.5,561.5,1.0,637.5,0.5,1122.0,0.5,835.0,1.0,1121.5,0.5,805.0,1.0,639.0,1.0,679.0,1.0,611.5,0.5,786.0,0.5,654.6041666666666,608.0,0.8541666666666666,197.89017480974616
61,musical_instrument.n.01,drum.n.01,a musical percussion instrument; usually consists of a hollow cylinder with a membrane stretched across each end,True,1,1.0,1.0,765.0,1.0,513.5,1.0,454.5,1.0,508.5,1.0,471.0,1.0,321.5,1.0,417.5,1.0,577.5,1.0,884.5,1.0,599.0,1.0,479.0,1.0,933.0,1.0,517.0,1.0,406.5,1.0,490.5,0.5,499.0,1.0,557.5,1.0,837.5,1.0,674.0,1.0,479.5,1.0,476.0,1.0,624.5,1.0,484.0,1.0,460.0,1.0,559.6041666666666,503.75,0.9791666666666666,155.10676401354527
1,edible_fruit.n.01,edible_fruit.n.01,edible reproductive body of a seed plant especially one having sweet flesh,True,0,0.5909090909090909,1.0,481.1818181818182,1.0,447.22727272727275,1.0,470.27272727272725,1.0,729.0,0.9545454545454546,497.6818181818182,0.9545454545454546,428.27272727272725,1.0,460.8181818181818,1.0,637.2272727272727,1.0,736.5909090909091,1.0,512.8181818181819,1.0,546.9545454545455,1.0,566.8636363636364,0.9545454545454546,601.4545454545455,1.0,479.59090909090907,1.0,441.04545454545456,1.0,552.7272727272727,1.0,669.6818181818181,1.0,571.6818181818181,1.0,935.6818181818181,1.0,678.5,1.0,554.8636363636364,0.9545454545454546,616.6818181818181,0.9545454545454546,582.0909090909091,1.0,614.6363636363636,0.9090909090909091,575.5643939393939,560.8636363636364,0.9867424242424243,117.36928411282088
54,musical_instrument.n.01,euphonium.n.01,a bass horn (brass wind instrument) that is the tenor of the tuba family,True,0,0.0,1.0,828.0,1.0,636.5,0.5,608.0,1.0,638.5,0.5,803.0,0.5,793.5,0.5,697.0,1.0,745.5,1.0,798.5,0.5,603.0,1.0,744.0,0.5,900.5,0.5,731.5,1.0,744.0,0.5,816.0,1.0,1029.5,0.5,786.0,0.5,614.0,0.5,1499.5,0.5,741.0,0.5,603.5,0.5,635.0,1.0,612.0,1.0,656.5,1.0,761.0208333333334,742.5,0.7083333333333334,189.9401209515816
136,clothing.n.01,face_veil.n.01,a piece of more-or-less transparent material that covers the face,False,0,1.0,0.5,620.5,1.0,338.5,1.0,589.0,1.0,537.5,1.0,701.0,1.0,350.5,1.0,565.5,1.0,516.0,1.0,510.5,1.0,480.5,1.0,507.0,1.0,787.0,1.0,525.0,1.0,427.5,1.0,618.5,1.0,533.0,1.0,861.5,1.0,450.5,1.0,1460.0,1.0,891.5,1.0,538.5,0.5,604.5,1.0,689.0,0.5,721.0,1.0,617.6666666666666,552.0,0.9583333333333334,227.82781764471525
7,hand_tool.n.01,file.n.04,a steel hand tool with small sharp teeth on some or all of its surfaces; used for smoothing wood or metal,True,1,1.0,1.0,537.5,0.5,678.5,0.5,499.0,0.5,530.5,0.5,535.5,1.0,426.5,1.0,459.5,0.5,534.0,1.0,588.5,1.0,700.0,0.5,668.5,0.5,821.0,1.0,1031.5,1.0,497.0,0.5,555.5,0.5,673.5,1.0,893.5,0.5,475.0,0.5,1128.5,1.0,623.0,1.0,611.0,0.5,762.0,0.5,595.0,0.5,731.5,0.0,648.1666666666666,603.0,0.6666666666666666,177.04308408742887
86,furniture.n.01,floor_lamp.n.01,a lamp that stands on the floor,True,0,0.5,1.0,845.0,1.0,431.0,1.0,460.0,1.0,552.5,1.0,539.5,1.0,388.5,1.0,422.0,1.0,605.5,1.0,533.5,1.0,491.0,1.0,740.0,1.0,961.0,0.5,597.5,1.0,599.5,1.0,474.5,1.0,454.0,1.0,2352.5,1.0,570.5,1.0,711.0,1.0,611.0,1.0,484.5,1.0,527.5,1.0,597.5,1.0,1398.0,1.0,681.1458333333334,561.5,0.9791666666666666,415.76486559129177
79,musical_instrument.n.01,flute.n.01,a high-pitched woodwind instrument; a slender tube closed at one end with finger holes on one end and an opening near the closed end across which the breath is blown,True,1,1.0,1.0,449.5,1.0,461.0,1.0,396.5,1.0,495.0,1.0,957.5,1.0,359.0,1.0,428.5,1.0,495.5,1.0,718.5,1.0,473.0,1.0,473.0,1.0,523.5,1.0,511.5,1.0,375.5,1.0,446.5,1.0,570.0,1.0,744.5,1.0,480.0,1.0,1158.0,1.0,507.0,1.0,395.0,1.0,461.5,1.0,626.5,0.5,434.5,1.0,539.2083333333334,476.5,0.9791666666666666,187.822008518858
3,furniture.n.01,furniture.n.01,furnishings that make a room or other area ready for occupancy,True,0,0.5769230769230769,1.0,532.6153846153846,0.8076923076923077,550.8846153846154,0.8846153846153846,503.46153846153845,0.9230769230769231,790.9230769230769,0.7692307692307693,619.7307692307693,0.9615384615384616,474.5,0.9230769230769231,535.3076923076923,0.9615384615384616,732.6538461538462,0.8076923076923077,727.0384615384615,0.9230769230769231,569.4615384615385,0.9615384615384616,651.2307692307693,1.0,672.8461538461538,1.0,757.3846153846154,0.9615384615384616,473.2307692307692,0.9230769230769231,576.3461538461538,0.9615384615384616,631.0769230769231,0.8846153846153846,863.8846153846154,0.9615384615384616,534.8846153846154,0.9230769230769231,1029.3076923076924,0.9615384615384616,663.5,0.8846153846153846,555.6538461538462,0.9230769230769231,674.2307692307693,0.8076923076923077,536.8846153846154,0.8846153846153846,454.38461538461536,0.8846153846153846,629.6426282051283,598.0384615384615,0.9118589743589741,137.01829928882077
48,edible_fruit.n.01,granadilla.n.04,the egg-shaped edible fruit of tropical American vines related to passionflowers,True,0,0.0,1.0,681.5,1.0,480.0,0.5,758.0,1.0,973.0,0.5,1268.5,1.0,1014.5,1.0,606.0,1.0,608.0,1.0,1141.5,1.0,761.5,1.0,1010.5,0.5,1385.5,1.0,1017.5,1.0,522.0,0.5,598.5,1.0,724.0,1.0,1130.0,0.5,494.0,1.0,1805.0,0.5,792.0,1.0,437.0,1.0,784.0,0.5,577.0,1.0,699.0,0.0,844.5208333333334,759.75,0.8125,331.09441314626054
58,musical_instrument.n.01,grand_piano.n.01,a piano with the strings on a horizontal harp-shaped frame; usually supported by three legs,True,0,0.5,1.0,433.0,1.0,470.5,1.0,412.5,1.0,460.5,1.0,450.0,1.0,395.0,1.0,444.5,1.0,400.5,1.0,479.5,1.0,568.5,1.0,492.5,1.0,565.5,1.0,553.5,1.0,372.5,1.0,568.5,1.0,460.5,1.0,651.0,1.0,473.5,1.0,842.0,1.0,772.0,1.0,406.0,1.0,805.0,1.0,527.0,1.0,596.5,1.0,525.0208333333334,476.5,1.0,129.75557952036849
32,edible_fruit.n.01,granny_smith.n.01,apple with a green skin and hard tart flesh,True,0,0.0,1.0,1088.5,1.0,537.5,0.5,609.0,0.5,557.5,0.5,620.5,1.0,352.5,0.5,582.0,1.0,606.5,0.0,756.0,0.5,675.5,0.5,1043.5,0.5,1016.5,0.5,911.0,0.5,523.0,0.5,806.0,0.5,721.0,0.5,824.5,1.0,698.5,0.5,1338.5,0.5,903.0,1.0,530.5,0.5,551.0,0.5,857.0,0.5,829.0,0.5,747.4375,709.75,0.5833333333333334,225.32137977738066
43,edible_fruit.n.01,grape.n.01,any of various juicy fruit of the genus Vitis with green or purple skins; grow in clusters,True,1,0.5,1.0,661.0,0.5,414.0,1.0,403.0,1.0,506.5,1.0,480.0,1.0,493.0,1.0,387.5,1.0,747.0,0.5,657.0,1.0,503.0,1.0,473.5,1.0,661.0,1.0,571.5,1.0,620.5,1.0,437.5,1.0,743.5,1.0,719.0,1.0,614.5,1.0,867.5,1.0,826.5,1.0,524.5,1.0,836.0,1.0,446.0,1.0,728.0,1.0,596.7291666666666,593.0,0.9583333333333334,147.08234747380735
67,musical_instrument.n.01,guitar.n.01,a stringed instrument usually having six strings; played by strumming or plucking,True,1,1.0,1.0,475.0,1.0,626.5,0.5,408.5,1.0,799.5,1.0,412.0,1.0,386.0,1.0,414.0,1.0,860.0,1.0,490.0,1.0,451.0,1.0,440.5,1.0,461.0,1.0,690.5,1.0,409.0,1.0,453.0,0.5,396.0,1.0,1824.5,1.0,542.0,1.0,694.5,1.0,706.0,1.0,403.0,1.0,409.5,1.0,549.0,1.0,457.5,1.0,573.2708333333334,459.25,0.9583333333333334,299.77415336443255
9,hand_tool.n.01,hammer.n.02,a hand tool with a heavy rigid head and a handle; used to deliver an impulsive force by striking,True,1,1.0,1.0,392.5,1.0,471.5,1.0,427.0,1.0,532.0,1.0,467.5,1.0,332.0,1.0,436.5,1.0,481.0,1.0,546.0,1.0,427.0,1.0,640.0,1.0,630.0,1.0,567.5,1.0,382.5,1.0,392.0,1.0,420.5,1.0,450.0,1.0,452.0,1.0,1025.0,1.0,423.0,1.0,439.0,1.0,564.0,1.0,389.5,1.0,408.5,0.5,487.3541666666667,444.5,0.9791666666666666,138.87846416191033
0,hand_tool.n.01,hand_tool.n.01,a tool used with workers' hands,True,0,0.5555555555555556,1.0,629.3461538461538,1.0,539.0384615384615,1.0,544.7692307692307,1.0,658.0,0.9230769230769231,676.5,0.9615384615384616,458.53846153846155,0.8846153846153846,513.8461538461538,0.9615384615384616,931.6153846153846,0.8846153846153846,749.8076923076923,0.9615384615384616,611.2307692307693,0.9230769230769231,640.8846153846154,0.9615384615384616,769.4230769230769,0.9615384615384616,717.2307692307693,1.0,485.34615384615387,1.0,533.1923076923077,1.0,608.6538461538462,1.0,1039.8076923076924,1.0,613.9230769230769,0.9615384615384616,1077.576923076923,0.9615384615384616,723.5384615384615,0.8461538461538461,482.0769230769231,0.8461538461538461,606.3461538461538,0.9230769230769231,638.6923076923077,0.8846153846153846,725.5384615384615,0.8846153846153846,665.6217948717949,634.0192307692307,0.9471153846153846,161.9766090407499
18,hand_tool.n.01,handsaw.n.01,a saw used with one hand for cutting wood,True,0,0.5,1.0,554.0,1.0,387.5,1.0,620.0,0.5,681.5,0.5,742.5,1.0,340.0,1.0,443.5,1.0,477.0,1.0,606.0,1.0,574.5,1.0,443.0,1.0,474.5,1.0,682.5,1.0,367.0,1.0,431.5,1.0,577.0,1.0,844.5,1.0,737.5,1.0,1454.5,1.0,765.5,1.0,402.0,1.0,460.0,1.0,498.0,1.0,645.0,0.5,592.0416666666666,564.25,0.9375,230.20821939140728
65,musical_instrument.n.01,harp.n.01,a chordophone that has a triangular frame consisting of a sounding board and a pillar and a curved neck; the strings stretched between the neck and the soundbox are plucked with the fingers,True,1,0.5,1.0,590.5,1.0,500.5,1.0,965.0,0.5,593.0,0.5,654.5,1.0,513.0,1.0,544.0,1.0,535.5,1.0,777.0,1.0,558.5,1.0,603.5,1.0,496.0,1.0,654.0,1.0,479.5,1.0,501.5,1.0,589.5,1.0,685.0,1.0,687.5,1.0,949.5,1.0,596.5,1.0,494.0,0.5,658.5,1.0,763.5,1.0,1001.5,0.5,641.3125,594.75,0.9166666666666666,151.93010496105853
55,musical_instrument.n.01,harpsichord.n.01,a clavier with strings that are plucked by plectra mounted on pivots,False,1,0.5,0.5,741.5,1.0,487.5,0.5,614.0,1.0,649.0,1.0,1224.0,0.5,478.5,0.5,779.5,1.0,1057.5,0.5,1022.0,1.0,707.5,0.5,780.5,0.5,1094.0,1.0,856.5,1.0,555.0,1.0,469.0,1.0,565.0,1.0,1107.0,1.0,661.0,1.0,1544.5,0.0,738.5,1.0,693.0,1.0,768.5,1.0,697.0,1.0,761.0,0.5,793.8125,740.0,0.8125,261.79023350517804
34,edible_fruit.n.01,heart_cherry.n.02,large heart-shaped sweet cherry with soft flesh,True,0,0.0,1.0,557.0,1.0,465.5,1.0,467.5,1.0,751.5,1.0,753.0,1.0,487.0,1.0,482.0,1.0,831.0,1.0,908.0,1.0,635.5,1.0,929.5,1.0,794.5,1.0,766.5,1.0,429.5,1.0,512.5,1.0,1151.0,1.0,1080.0,1.0,470.5,1.0,1135.5,1.0,896.5,1.0,474.0,1.0,599.0,1.0,594.0,0.5,687.5,0.5,702.4375,661.5,0.9583333333333334,225.35524190563623
76,musical_instrument.n.01,heckelphone.n.01,an oboe pitched an octave below the ordinary oboe,True,0,0.0,1.0,635.0,0.5,497.5,0.5,560.5,0.5,714.5,0.5,697.0,0.5,633.5,1.0,708.0,1.0,768.5,1.0,1387.5,1.0,680.5,0.5,812.5,1.0,959.5,0.5,752.0,0.5,594.5,1.0,579.0,1.0,1078.0,0.5,884.0,1.0,791.5,0.5,905.5,0.5,759.0,0.5,555.0,1.0,627.0,1.0,524.5,1.0,634.0,0.5,739.1041666666666,702.5,0.7291666666666666,199.04467376897352
60,musical_instrument.n.01,high-hat_cymbal.n.01,cymbals that are operated by a foot pedal,False,0,0.3,0.5,695.5,1.0,839.0,1.0,650.5,0.5,767.5,1.0,802.0,1.0,404.0,1.0,568.5,1.0,718.0,1.0,1113.0,1.0,783.0,0.5,1026.5,1.0,1135.0,1.0,1204.0,0.5,611.5,1.0,537.5,1.0,579.5,1.0,2606.5,1.0,586.0,1.0,1566.5,0.0,1301.5,1.0,422.0,1.0,700.5,0.5,781.5,1.0,756.5,1.0,881.5,762.0,0.875,465.08117571021944
84,furniture.n.01,highboy.n.01,a tall chest of drawers divided into two sections and supported on four legs,True,0,0.0,1.0,609.5,0.5,459.0,1.0,575.5,0.5,556.5,0.0,957.5,1.0,855.0,1.0,874.5,0.0,729.5,0.0,1159.5,1.0,752.0,0.0,1755.5,0.0,984.0,0.5,895.5,0.0,559.5,0.0,505.0,0.0,802.0,0.5,1014.5,0.5,691.0,0.5,1617.5,0.0,697.5,0.5,559.0,0.5,801.5,1.0,597.5,0.0,794.5,0.5,825.125,773.25,0.3958333333333333,319.8952698863367
119,clothing.n.01,jacket.n.01,a short coat,True,1,1.0,1.0,427.5,1.0,429.5,1.0,482.0,1.0,756.5,1.0,465.0,1.0,446.0,1.0,608.5,1.0,562.0,1.0,839.0,1.0,801.0,1.0,497.0,1.0,527.0,1.0,594.5,1.0,373.0,1.0,466.0,1.0,432.0,1.0,764.5,1.0,445.0,1.0,863.5,1.0,467.0,1.0,462.5,1.0,488.0,1.0,483.5,1.0,448.5,1.0,547.0416666666666,482.75,1.0,146.0747959591002
36,edible_fruit.n.01,key_lime.n.01,small yellow-green limes of southern Florida,True,0,0.5,1.0,513.0,1.0,526.0,1.0,385.0,0.5,468.5,1.0,644.5,1.0,495.5,1.0,445.0,1.0,549.0,1.0,768.5,0.5,579.5,1.0,627.0,1.0,715.0,1.0,730.0,1.0,380.0,1.0,554.0,1.0,621.5,1.0,2140.5,1.0,484.0,1.0,892.5,1.0,720.0,1.0,515.0,0.5,552.0,1.0,456.5,1.0,497.0,1.0,635.8125,550.5,0.9375,344.09524757278166
85,furniture.n.01,lamp.n.02,a piece of furniture holding one or more electric light bulbs,True,1,1.0,1.0,389.0,1.0,377.0,1.0,461.5,1.0,572.0,1.0,366.0,1.0,360.0,1.0,381.0,1.0,712.0,1.0,856.5,1.0,494.0,1.0,423.5,1.0,450.0,1.0,607.0,1.0,342.5,1.0,404.5,1.0,403.5,1.0,445.0,1.0,382.5,1.0,740.5,1.0,491.0,1.0,371.0,1.0,515.5,1.0,362.0,1.0,514.5,1.0,475.9166666666667,434.25,1.0,134.79667995739447
35,edible_fruit.n.01,lime.n.06,the green acidic fruit of any of various lime trees,True,1,1.0,1.0,695.5,1.0,687.0,1.0,452.5,1.0,468.0,0.5,436.0,1.0,446.0,1.0,448.0,1.0,471.0,1.0,547.5,1.0,513.0,1.0,825.0,1.0,569.0,1.0,597.0,1.0,498.5,1.0,412.5,1.0,535.5,1.0,498.5,1.0,455.0,1.0,790.5,1.0,579.5,1.0,535.0,1.0,467.0,1.0,574.0,1.0,464.5,1.0,540.25,505.75,0.9791666666666666,110.54646868683972
132,clothing.n.01,long_johns.n.01,warm underwear with long legs,False,0,0.3,0.5,603.0,0.5,549.0,1.0,517.5,1.0,655.0,1.0,918.0,1.0,386.0,1.0,743.5,1.0,488.0,1.0,830.5,1.0,537.5,1.0,1022.5,0.5,830.5,1.0,748.0,1.0,650.5,1.0,532.5,1.0,679.0,1.0,1009.0,1.0,600.5,1.0,1357.0,1.0,796.0,1.0,709.5,1.0,682.0,1.0,654.5,0.0,907.0,0.5,725.2708333333334,680.5,0.8958333333333334,212.07822486088696
98,furniture.n.01,love_seat.n.01,small sofa that seats two people,True,0,0.0,1.0,552.5,1.0,546.0,1.0,485.0,1.0,498.5,1.0,859.0,1.0,629.0,1.0,565.0,1.0,493.5,1.0,1117.0,1.0,642.0,1.0,885.5,1.0,767.5,1.0,655.0,1.0,591.5,0.5,511.5,1.0,843.0,1.0,1096.5,0.5,688.0,1.0,1883.0,1.0,576.5,1.0,539.0,1.0,642.5,1.0,604.0,1.0,772.0,1.0,726.7916666666666,635.5,0.9583333333333334,302.739984455978
66,musical_instrument.n.01,lyre.n.01,a harp used by ancient Greeks for accompaniment,True,0,0.0,1.0,826.5,0.5,439.0,1.0,662.5,1.0,597.0,1.0,1651.0,1.0,484.5,1.0,595.0,1.0,1018.0,0.5,854.0,1.0,547.5,1.0,743.5,1.0,873.0,1.0,821.0,1.0,622.5,0.5,655.0,1.0,604.5,0.5,727.5,1.0,774.0,1.0,1272.0,1.0,1364.0,1.0,718.5,1.0,733.0,1.0,409.0,0.5,869.5,0.0,785.9166666666666,730.25,0.8541666666666666,293.53240939003456
37,edible_fruit.n.01,mandarin.n.05,a somewhat flat reddish-orange loose skinned citrus of China,True,1,0.5,1.0,654.0,1.0,364.0,1.0,561.5,1.0,688.0,0.5,399.0,1.0,332.0,1.0,372.0,1.0,795.5,1.0,496.5,1.0,570.0,1.0,732.0,1.0,489.0,1.0,658.0,0.5,392.0,1.0,507.0,1.0,636.0,1.0,1091.0,1.0,527.0,1.0,690.0,1.0,748.0,1.0,449.0,1.0,466.0,0.5,864.5,0.5,814.5,1.0,595.6875,565.75,0.9166666666666666,186.60501254393392
45,edible_fruit.n.01,melon.n.01,any of numerous fruits of the gourd family having a hard rind and sweet juicy flesh,True,1,0.5,1.0,529.0,1.0,550.5,1.0,363.0,1.0,470.0,1.0,434.5,1.0,512.5,1.0,377.0,1.0,511.0,1.0,722.0,1.0,490.0,1.0,459.5,1.0,514.5,1.0,516.5,1.0,375.0,1.0,418.5,1.0,450.5,1.0,568.5,1.0,707.5,1.0,850.5,1.0,574.5,1.0,417.0,1.0,473.5,1.0,388.0,1.0,463.0,1.0,505.6875,481.75,1.0,117.1876804346437
112,clothing.n.01,miniskirt.n.01,a very short skirt,True,0,1.0,1.0,442.5,1.0,360.5,1.0,396.5,1.0,423.5,1.0,426.5,1.0,318.5,1.0,366.0,1.0,458.5,1.0,537.5,1.0,483.0,1.0,514.5,1.0,450.0,1.0,517.5,1.0,399.5,1.0,458.0,1.0,802.5,1.0,521.5,1.0,427.5,1.0,911.0,1.0,566.0,1.0,517.0,1.0,400.0,1.0,540.5,1.0,481.0,1.0,488.3125,458.25,1.0,130.79080645958197
114,clothing.n.01,muffler.n.02,a scarf worn around the neck,True,0,0.0,1.0,628.5,0.0,603.5,0.5,710.5,0.5,861.5,0.0,1407.0,0.5,515.0,0.5,588.5,0.0,715.0,0.0,1089.0,1.0,637.0,0.0,1645.0,1.0,986.0,0.5,592.0,1.0,640.5,0.5,513.0,0.5,760.0,0.5,1246.5,0.5,642.0,0.5,1075.5,0.0,766.0,0.5,487.5,0.0,661.5,0.0,644.5,0.0,582.0,1.0,791.5625,653.0,0.3958333333333333,300.7995979017028
72,musical_instrument.n.01,musette.n.01,a small bagpipe formerly popular in France,True,0,0.0,1.0,892.5,0.5,623.5,1.0,568.5,0.5,791.0,1.0,789.0,1.0,731.0,0.5,841.5,0.5,864.5,0.5,1442.0,0.5,880.0,0.5,1023.0,1.0,1588.5,0.5,926.5,0.5,647.5,1.0,583.0,0.5,1118.0,0.5,1342.0,1.0,1086.0,1.0,1350.5,1.0,946.0,0.5,660.5,0.5,725.5,1.0,908.0,1.0,1524.0,0.5,952.1875,886.25,0.7083333333333334,301.1972419073732
2,musical_instrument.n.01,musical_instrument.n.01,any of various devices or contrivances that can be used to produce musical tones or sounds,True,0,0.6666666666666666,1.0,698.0,0.9642857142857143,528.75,1.0,496.75,0.9642857142857143,590.9285714285714,0.9285714285714286,606.9285714285714,0.9285714285714286,503.2142857142857,1.0,491.67857142857144,0.9642857142857143,651.25,0.9285714285714286,653.0714285714286,0.9285714285714286,564.7142857142857,0.9642857142857143,701.6071428571429,1.0,596.6428571428571,1.0,703.2857142857143,0.9642857142857143,498.64285714285717,0.9642857142857143,502.82142857142856,0.9642857142857143,584.0714285714286,1.0,842.5,0.9642857142857143,629.2857142857143,0.9642857142857143,863.5357142857143,1.0,765.0,0.8928571428571429,486.10714285714283,0.9642857142857143,623.8928571428571,0.9642857142857143,583.8571428571429,0.8928571428571429,591.1071428571429,1.0,614.9017857142858,593.875,0.9627976190476191,106.14328256709007
8,hand_tool.n.01,nailfile.n.01,a small flat file for shaping the nails,True,0,0.0,1.0,663.5,0.5,858.0,0.0,570.0,1.0,566.5,0.5,504.0,1.0,377.0,1.0,908.5,1.0,584.5,1.0,2007.5,0.5,599.0,0.5,871.5,1.0,858.0,1.0,667.0,1.0,626.0,0.5,528.0,0.5,642.0,1.0,932.5,1.0,987.5,0.5,853.0,1.0,749.0,1.0,642.0,1.0,910.0,1.0,819.0,1.0,703.5,0.0,767.8125,685.25,0.7708333333333334,308.43344756379287
127,clothing.n.01,necktie.n.01,neckwear consisting of a long narrow piece of material worn (mostly by men) under a collar and tied in knot at the front,False,1,1.0,0.5,616.5,1.0,382.5,0.5,598.0,0.5,559.5,1.0,425.0,1.0,323.5,1.0,686.0,1.0,602.0,1.0,810.5,1.0,689.5,1.0,491.5,0.5,460.5,1.0,757.5,1.0,503.0,1.0,573.5,1.0,700.5,1.0,1596.0,1.0,519.0,1.0,1651.0,0.5,588.0,1.0,556.5,1.0,567.5,0.5,455.0,0.5,612.0,0.5,655.1875,580.75,0.8541666666666666,319.41620703279506
16,hand_tool.n.01,needlenose_pliers.n.01,small pliers with long thin jaws for fine work,True,0,0.0,1.0,824.0,0.5,675.0,0.5,600.0,0.5,697.5,0.5,748.0,1.0,457.5,1.0,829.0,0.5,1056.0,1.0,670.0,1.0,495.5,1.0,1337.5,1.0,1092.0,1.0,669.0,1.0,834.5,1.0,871.0,1.0,791.0,1.0,1300.5,0.5,755.5,1.0,1371.5,1.0,905.0,1.0,690.5,1.0,1570.0,1.0,905.0,0.5,1006.0,0.5,881.3125,826.5,0.8333333333333334,283.6214490455467
75,musical_instrument.n.01,oboe.n.01,a slender double-reed instrument; a woodwind with a conical bore and a double-reed mouthpiece,True,1,0.5,1.0,727.5,0.0,386.5,1.0,606.0,0.0,475.5,0.5,423.5,1.0,523.5,1.0,406.5,1.0,698.0,0.5,568.0,1.0,572.5,1.0,801.0,1.0,737.0,1.0,953.5,1.0,620.0,1.0,605.0,0.0,499.0,1.0,1251.0,0.5,712.0,1.0,744.5,1.0,904.0,1.0,407.5,1.0,613.5,0.5,616.5,0.5,457.5,1.0,637.8958333333334,609.75,0.7708333333333334,201.18734396872085
39,edible_fruit.n.01,orange.n.01,round yellow to orange fruit of any of several citrus trees,True,1,1.0,1.0,496.5,1.0,341.0,1.0,383.0,1.0,490.0,1.0,615.5,1.0,426.0,1.0,399.0,1.0,528.5,1.0,705.5,1.0,482.0,1.0,439.5,1.0,711.5,1.0,964.0,0.5,349.0,1.0,435.5,1.0,381.5,1.0,534.5,1.0,443.5,1.0,758.0,1.0,471.0,1.0,376.0,1.0,383.0,1.0,388.5,1.0,437.0,1.0,497.4791666666667,441.5,0.9791666666666666,152.26681952976537
47,edible_fruit.n.01,passion_fruit.n.01,egg-shaped tropical fruit of certain passionflower vines; used for sherbets and confectionery and drinks,True,1,1.0,1.0,907.0,1.0,377.0,1.0,533.0,1.0,471.0,0.5,686.5,1.0,484.0,1.0,529.5,1.0,1428.0,1.0,759.0,1.0,653.5,0.5,490.0,1.0,634.0,1.0,594.5,1.0,375.0,1.0,435.0,1.0,559.0,1.0,1432.0,1.0,560.0,1.0,1631.0,1.0,492.0,0.5,396.5,1.0,511.5,1.0,605.0,1.0,757.0,1.0,679.2083333333334,559.5,0.9375,341.9479656788209
49,edible_fruit.n.01,pear.n.01,sweet juicy gritty-textured fruit available in many varieties,True,1,1.0,1.0,560.0,1.0,705.0,1.0,493.5,1.0,392.5,1.0,390.5,1.0,400.0,1.0,469.5,1.0,683.5,1.0,520.5,1.0,586.0,1.0,482.0,1.0,623.0,1.0,492.0,1.0,393.0,1.0,556.5,1.0,460.0,1.0,612.5,1.0,445.0,1.0,667.5,1.0,433.5,1.0,660.0,1.0,508.0,1.0,566.5,1.0,754.0,0.5,535.6041666666666,514.25,0.9791666666666666,107.48690306130392
94,furniture.n.01,pew.n.01,long bench with backs; used in church by the congregation,True,0,0.0,1.0,631.0,0.5,442.0,0.5,880.0,1.0,827.0,0.0,741.5,0.5,370.0,1.0,673.5,1.0,1092.5,0.5,1103.0,0.5,621.5,0.5,988.5,1.0,708.5,0.5,1271.5,0.0,656.0,0.0,582.5,0.5,713.5,0.5,834.0,0.5,814.0,1.0,1035.0,1.0,905.0,0.5,665.0,1.0,1132.0,1.0,679.5,0.5,782.5,1.0,797.8958333333334,762.0,0.625,221.64586811273807
20,hand_tool.n.01,phillips_screwdriver.n.01,a screwdriver for use with Phillips screws,True,0,0.5,1.0,843.5,1.0,446.5,1.0,439.0,1.0,478.5,0.5,896.0,1.0,367.0,1.0,507.5,1.0,827.0,1.0,971.5,1.0,582.5,1.0,558.0,1.0,674.0,1.0,591.5,1.0,570.0,1.0,524.5,1.0,834.0,1.0,1254.5,1.0,417.0,1.0,1071.0,1.0,984.0,0.5,632.5,1.0,521.5,0.5,865.5,1.0,622.0,0.5,686.625,606.75,0.9166666666666666,234.22124666926427
57,musical_instrument.n.01,piano.n.01,a keyboard instrument that is played by depressing keys that cause hammers to strike tuned strings and produce sounds,True,1,1.0,1.0,616.5,1.0,368.0,1.0,605.5,1.0,395.0,1.0,491.5,1.0,466.0,1.0,477.0,1.0,638.0,0.5,453.0,1.0,450.0,1.0,543.5,1.0,621.0,1.0,528.5,1.0,339.5,1.0,470.5,1.0,447.5,1.0,535.5,1.0,402.0,1.0,894.5,1.0,423.5,1.0,501.0,1.0,396.5,0.5,468.5,1.0,531.0,1.0,502.6458333333333,473.75,0.9583333333333334,116.14070169660467
80,musical_instrument.n.01,piccolo.n.01,a small flute; pitched an octave above the standard flute,True,0,0.0,1.0,750.5,0.5,534.0,0.5,480.5,1.0,650.5,1.0,727.5,1.0,603.0,1.0,449.0,1.0,591.0,1.0,961.5,1.0,683.5,1.0,738.5,1.0,884.0,0.5,829.0,0.5,608.5,1.0,506.0,1.0,796.0,1.0,1100.5,0.5,662.5,1.0,885.5,1.0,760.0,0.5,459.5,1.0,976.0,1.0,580.5,1.0,680.0,1.0,704.0625,681.75,0.875,173.17484959603314
13,hand_tool.n.01,plane.n.05,a carpenter's hand tool with an adjustable blade for smoothing or shaping wood,True,1,0.5,1.0,453.5,0.5,522.0,0.5,541.5,0.5,468.0,0.5,626.5,0.5,650.0,1.0,647.0,1.0,1056.0,1.0,709.0,0.5,598.0,0.5,458.5,0.5,814.0,1.0,791.5,1.0,503.5,0.5,618.5,0.5,619.0,0.5,777.0,0.5,904.5,1.0,1090.5,0.5,763.5,0.5,655.0,0.5,642.5,0.5,612.5,1.0,636.5,0.0,673.2708333333334,639.5,0.625,168.75187465410676
15,hand_tool.n.01,pliers.n.01,a gripping hand tool with two hinged arms and (usually) serrated jaws,True,1,0.5,1.0,713.5,0.5,716.5,1.0,705.5,1.0,720.0,1.0,687.5,1.0,676.0,1.0,687.5,1.0,663.0,1.0,667.0,1.0,738.5,1.0,641.5,1.0,1213.0,1.0,919.0,0.5,732.5,0.0,657.5,1.0,1295.0,1.0,1513.5,0.5,938.0,1.0,2316.0,1.0,853.0,1.0,634.5,1.0,801.5,0.5,854.5,0.5,1209.0,1.0,898.0625,726.25,0.8541666666666666,383.71740939360456
51,edible_fruit.n.01,plum.n.02,any of numerous varieties of small to medium-sized round or oval fruit having a smooth skin and a single pit,True,1,1.0,1.0,719.5,1.0,411.0,1.0,526.0,1.0,708.5,0.0,667.0,1.0,353.5,1.0,478.0,1.0,517.0,1.0,522.5,1.0,648.0,1.0,564.0,1.0,451.5,1.0,539.5,1.0,782.5,1.0,445.5,1.0,617.5,0.5,584.0,1.0,535.5,1.0,1419.0,0.5,418.5,1.0,617.0,0.5,486.5,0.5,721.0,0.0,617.0,0.5,597.9166666666666,551.75,0.8125,206.75461546116148
24,hand_tool.n.01,putty_knife.n.01,a spatula used to mix or apply putty,False,0,0.3,0.5,904.5,1.0,439.5,1.0,465.5,0.5,1140.0,0.5,1186.0,0.5,512.5,1.0,650.5,0.5,643.0,1.0,831.0,1.0,640.5,1.0,1580.0,1.0,734.5,0.5,1478.5,0.5,501.5,1.0,430.5,1.0,1055.0,1.0,1313.5,1.0,723.0,1.0,1679.5,0.5,935.5,0.5,454.0,1.0,505.5,1.0,957.5,0.5,1212.5,0.5,873.9166666666666,782.75,0.7916666666666666,382.71943596669695
122,clothing.n.01,raincoat.n.01,a water-resistant coat,True,0,1.0,1.0,594.5,1.0,514.0,1.0,429.0,1.0,576.0,1.0,775.5,1.0,589.0,1.0,462.0,1.0,570.5,1.0,460.5,1.0,492.5,1.0,506.5,1.0,525.0,0.5,699.5,1.0,470.0,1.0,439.5,1.0,846.0,1.0,1138.5,1.0,453.0,1.0,725.5,1.0,708.5,1.0,409.0,1.0,819.5,1.0,673.0,1.0,751.0,1.0,609.5,573.25,0.9791666666666666,173.9912541530152
125,clothing.n.01,robe.n.01,any loose flowing garment,True,1,1.0,1.0,438.5,1.0,394.0,0.5,419.5,1.0,414.0,1.0,936.5,1.0,394.0,1.0,393.0,1.0,735.5,1.0,540.5,1.0,554.0,1.0,452.5,1.0,486.0,1.0,492.5,1.0,532.0,1.0,500.0,1.0,486.0,1.0,476.0,1.0,497.0,1.0,1341.5,1.0,580.5,1.0,423.5,1.0,414.5,1.0,451.5,1.0,698.0,0.5,543.7916666666666,486.0,0.9583333333333334,211.5920971579755
70,musical_instrument.n.01,sackbut.n.01,a medieval musical instrument resembling a trombone,True,0,0.0,1.0,482.5,0.0,485.5,0.5,623.0,0.5,530.5,0.5,787.5,0.5,592.0,1.0,924.5,0.5,563.5,0.5,911.5,0.5,736.5,0.0,759.5,0.5,1007.0,0.5,669.0,0.5,576.5,0.5,470.5,1.0,989.0,1.0,783.5,0.5,472.5,0.0,843.5,1.0,619.5,0.5,865.5,1.0,687.0,1.0,766.5,1.0,686.5,1.0,701.375,686.75,0.6041666666666666,165.5696523599923
17,hand_tool.n.01,saw.n.02,hand tool having a toothed blade for cutting,True,1,1.0,1.0,537.5,0.5,385.0,1.0,386.5,1.0,489.5,0.5,645.0,1.0,342.5,1.0,502.5,1.0,854.0,1.0,821.5,1.0,566.0,1.0,610.0,1.0,436.0,1.0,532.5,1.0,521.0,1.0,403.0,1.0,702.0,1.0,602.5,1.0,836.0,1.0,1053.0,1.0,492.0,1.0,423.0,1.0,878.5,1.0,741.5,0.5,681.0,0.5,601.75,551.75,0.9166666666666666,185.9731163367437
113,clothing.n.01,scarf.n.01,a garment worn around the head or neck or shoulders for warmth or decoration,True,1,0.5,1.0,505.0,1.0,641.5,0.5,595.0,1.0,651.0,1.0,429.0,1.0,559.0,1.0,479.0,1.0,682.0,1.0,679.0,1.0,695.5,1.0,694.0,1.0,601.5,1.0,862.5,1.0,424.0,1.0,475.5,1.0,597.0,1.0,536.5,1.0,601.0,1.0,817.0,1.0,911.0,1.0,455.0,1.0,1025.0,1.0,465.5,1.0,824.5,1.0,633.5833333333334,601.25,0.9791666666666666,160.9978170704475
19,hand_tool.n.01,screwdriver.n.01,a hand tool for driving screws; has a tip that fits into the head of a screw,True,1,1.0,1.0,817.0,1.0,335.0,1.0,395.5,1.0,705.5,1.0,458.5,1.0,350.5,1.0,407.5,1.0,1013.5,1.0,691.0,1.0,454.5,1.0,584.5,1.0,476.0,1.0,489.5,1.0,392.5,1.0,409.5,1.0,622.5,1.0,462.5,1.0,523.5,1.0,1345.5,0.5,602.0,1.0,375.5,1.0,512.0,1.0,866.5,0.5,473.0,1.0,573.4791666666666,482.75,0.9583333333333334,238.3506495812359
115,clothing.n.01,shirt.n.01,a garment worn on the upper half of the body,True,1,1.0,1.0,473.0,1.0,439.0,1.0,391.5,1.0,504.0,0.5,463.0,1.0,565.5,1.0,955.5,1.0,489.5,1.0,561.0,1.0,618.5,1.0,469.0,1.0,448.0,1.0,619.5,1.0,470.0,1.0,420.5,1.0,571.5,1.0,524.5,1.0,498.0,0.5,1076.0,1.0,646.0,1.0,410.5,1.0,662.0,1.0,418.0,0.5,406.0,1.0,545.8333333333334,493.75,0.9375,165.5849753388604
21,hand_tool.n.01,shovel.n.01,a hand tool for lifting loose material; consists of a curved container or scoop and a handle,True,1,0.5,1.0,550.5,0.5,550.5,0.5,521.0,1.0,826.0,1.0,709.0,1.0,436.0,1.0,458.0,1.0,513.0,1.0,731.5,1.0,424.5,1.0,678.5,0.5,707.5,1.0,707.5,1.0,460.5,1.0,464.5,1.0,530.5,1.0,4437.0,1.0,816.5,1.0,1170.5,0.5,755.5,1.0,348.0,0.5,440.0,1.0,708.5,0.5,690.5,1.0,776.4791666666666,614.5,0.875,800.2561068205748
111,clothing.n.01,skirt.n.02,a garment hanging from the waist; worn mainly by girls and women,True,1,0.5,1.0,499.5,1.0,542.5,0.5,462.0,1.0,510.0,1.0,440.0,0.5,387.0,1.0,491.0,0.5,461.5,1.0,625.0,1.0,612.0,1.0,585.0,1.0,570.5,1.0,583.5,1.0,530.5,1.0,606.5,1.0,725.0,0.5,688.5,1.0,533.0,1.0,849.0,1.0,727.0,1.0,908.5,1.0,999.5,1.0,524.0,1.0,503.0,1.0,598.5,556.5,0.9166666666666666,151.16525653273868
14,hand_tool.n.01,smooth_plane.n.01,a small plane for finish work,True,0,0.0,1.0,693.5,0.5,947.0,0.5,1035.5,1.0,720.5,0.5,1232.0,0.5,487.0,1.0,741.0,1.0,1272.0,1.0,693.5,0.5,731.5,0.5,1011.0,0.5,1146.5,1.0,909.5,1.0,704.0,0.5,671.0,0.5,918.5,1.0,1609.0,0.5,781.0,0.5,1049.5,1.0,837.0,0.5,657.5,0.5,694.5,0.5,963.5,0.0,935.0,1.0,893.375,873.25,0.6666666666666666,248.79698594916962
97,furniture.n.01,sofa.n.01,an upholstered seat for more than one person,True,1,1.0,1.0,396.0,1.0,437.0,1.0,383.5,1.0,535.5,1.0,623.0,1.0,335.0,1.0,426.0,1.0,578.5,0.5,477.5,1.0,509.0,1.0,524.0,1.0,557.5,1.0,698.0,1.0,410.5,1.0,429.0,1.0,642.0,1.0,597.0,1.0,552.0,1.0,708.0,1.0,476.0,1.0,412.0,1.0,594.5,1.0,558.5,1.0,348.0,1.0,508.6666666666667,516.5,0.9791666666666666,105.88125698021415
22,hand_tool.n.01,spade.n.02,a sturdy hand shovel that can be pushed into the earth with the foot,True,0,1.0,1.0,427.5,0.5,433.5,1.0,561.5,0.5,853.5,0.5,744.5,1.0,396.0,1.0,408.5,1.0,674.0,1.0,912.5,1.0,605.0,0.5,397.0,1.0,560.5,1.0,811.0,0.5,452.0,1.0,517.5,1.0,810.5,0.5,591.5,0.5,587.0,0.5,1178.0,1.0,543.0,0.5,465.0,1.0,471.0,0.5,648.0,0.5,550.5,1.0,608.2916666666666,561.0,0.7708333333333334,193.52608613438332
23,hand_tool.n.01,spatula.n.02,a hand tool with a thin flexible blade used to mix or spread soft substances,False,1,1.0,0.5,607.5,1.0,401.0,1.0,614.5,0.5,498.0,1.0,609.5,1.0,390.0,1.0,432.0,1.0,707.0,0.5,616.0,1.0,454.0,1.0,776.0,1.0,705.0,1.0,608.5,1.0,693.5,1.0,516.5,1.0,461.0,1.0,694.0,1.0,465.5,1.0,848.0,1.0,763.0,1.0,407.5,1.0,493.5,1.0,514.5,1.0,563.0,1.0,576.625,585.25,0.9583333333333334,130.51388814988235
56,musical_instrument.n.01,spinet.n.02,early model harpsichord with only one string per note,False,0,0.3,0.5,658.5,0.5,785.5,0.0,567.5,0.0,807.0,0.5,833.5,0.0,663.5,1.0,810.0,0.5,700.5,0.5,841.5,0.5,751.5,1.0,1030.5,0.5,738.0,0.5,858.5,0.5,415.5,0.0,820.0,0.5,776.0,0.0,839.0,0.5,863.0,0.0,1972.5,0.5,592.0,0.5,600.0,0.0,469.0,0.5,532.5,0.5,603.5,1.0,772.0416666666666,763.75,0.4166666666666667,293.54352749844765
25,hand_tool.n.01,square.n.08,a hand tool consisting of two straight arms at right angles; used to construct or test right angles,True,1,0.5,1.0,555.0,0.5,611.0,0.5,512.0,0.5,548.0,0.5,509.5,0.5,419.5,0.5,430.5,0.5,784.0,0.5,867.0,0.5,814.5,0.5,1113.5,0.5,1048.5,0.5,797.0,0.5,658.5,0.5,567.5,0.0,727.5,1.0,1015.0,0.5,789.0,1.0,1055.0,1.0,658.0,0.5,661.5,0.0,649.5,0.0,657.5,0.5,753.5,1.0,716.7708333333334,660.0,0.5208333333333334,195.80535916449332
99,furniture.n.01,stool.n.01,a simple seat without a back or arms,True,1,0.5,1.0,792.0,1.0,761.0,1.0,564.5,1.0,1176.5,0.0,543.0,1.0,457.0,1.0,535.5,1.0,541.0,1.0,869.5,1.0,664.0,1.0,466.5,1.0,732.5,1.0,752.5,1.0,731.0,0.0,595.5,0.5,646.5,0.0,753.5,0.5,701.5,1.0,1832.0,0.5,796.5,1.0,740.0,1.0,757.5,0.5,581.0,0.5,763.5,1.0,739.75,731.75,0.7708333333333334,277.8426204510936
64,musical_instrument.n.01,stradavarius.n.01,a violin made by Antonio Stradivari or a member of his family,True,0,0.0,1.0,1484.0,0.5,568.5,1.0,602.0,1.0,515.0,0.5,658.5,1.0,365.5,1.0,481.0,1.0,729.0,1.0,1472.0,1.0,558.5,1.0,2074.0,0.5,796.5,0.5,590.0,1.0,676.5,1.0,497.5,0.5,631.5,1.0,989.0,1.0,523.0,1.0,1366.0,1.0,492.0,1.0,616.0,1.0,669.0,0.0,757.5,1.0,725.5,0.5,784.9166666666666,645.0,0.8333333333333334,409.1518445321468
117,clothing.n.01,suit.n.01,a set of garments (usually including a jacket and trousers or skirt) for outerwear all of the same fabric and color,True,1,0.5,1.0,402.0,1.0,391.0,1.0,508.0,1.0,432.0,1.0,496.5,1.0,375.0,1.0,452.5,1.0,642.0,1.0,673.5,1.0,556.0,1.0,558.5,1.0,484.0,1.0,681.5,1.0,439.5,1.0,474.0,1.0,552.5,0.5,680.0,1.0,541.0,1.0,749.0,1.0,671.5,1.0,529.0,1.0,426.5,1.0,565.0,1.0,455.5,1.0,530.6666666666666,518.5,0.9791666666666666,105.61493498910853
44,edible_fruit.n.01,sultana.n.01,pale yellow seedless grape used for raisins and wine,True,0,0.0,1.0,756.5,0.0,538.0,0.5,673.0,0.5,788.5,0.0,1286.0,1.0,568.5,0.5,654.5,0.0,704.5,0.5,805.5,0.5,749.5,0.5,925.0,0.5,1188.0,0.5,926.5,0.5,452.5,0.0,597.0,0.5,858.5,0.0,986.0,0.5,687.0,0.5,1070.0,0.0,560.5,0.5,681.0,0.5,498.5,0.5,324.5,0.5,770.5,0.5,752.0833333333334,727.0,0.3958333333333333,229.51464226600612
108,clothing.n.01,sweat_pants.n.01,loose-fitting trousers with elastic cuffs; worn by athletes,True,0,1.0,1.0,508.0,1.0,400.5,1.0,411.0,1.0,580.0,1.0,530.5,1.0,344.5,1.0,420.0,1.0,1016.5,1.0,902.5,1.0,473.5,1.0,719.0,1.0,493.5,1.0,571.0,1.0,507.0,1.0,428.0,1.0,656.5,1.0,838.5,1.0,450.0,1.0,1030.5,1.0,535.5,1.0,386.5,1.0,564.0,1.0,393.5,1.0,633.0,0.0,574.7291666666666,519.25,0.9583333333333334,195.58179536331144
109,clothing.n.01,sweater.n.01,a crocheted or knitted garment covering the upper part of the body,True,1,1.0,1.0,424.0,1.0,349.0,1.0,410.0,1.0,461.0,1.0,645.5,1.0,504.5,1.0,477.0,1.0,575.0,1.0,605.0,1.0,536.0,1.0,449.5,1.0,780.5,1.0,519.0,1.0,457.0,1.0,464.0,1.0,832.5,0.5,621.0,1.0,725.0,1.0,777.5,1.0,658.5,1.0,451.5,1.0,803.5,1.0,432.0,1.0,438.5,1.0,558.2083333333334,511.75,0.9791666666666666,141.7444820386522
129,clothing.n.01,swimsuit.n.01,tight fitting garment worn for swimming,True,1,0.5,1.0,450.0,1.0,453.0,1.0,404.5,1.0,432.0,1.0,468.5,1.0,397.5,1.0,459.0,1.0,945.5,1.0,728.5,1.0,466.0,1.0,516.0,1.0,540.0,1.0,517.0,1.0,404.0,1.0,500.0,1.0,648.0,1.0,1042.5,1.0,824.0,1.0,679.5,1.0,484.5,1.0,413.0,1.0,430.0,1.0,472.5,1.0,861.0,0.5,564.0208333333334,478.5,0.9791666666666666,185.76015854758305
87,furniture.n.01,table.n.02,a piece of furniture having a smooth flat top that is usually supported by one or more vertical legs,True,1,1.0,1.0,519.5,1.0,449.5,1.0,449.0,1.0,711.0,1.0,442.0,1.0,354.0,1.0,388.0,1.0,568.0,1.0,657.5,1.0,504.5,1.0,1628.5,1.0,488.5,1.0,546.5,1.0,421.5,1.0,487.0,1.0,520.0,1.0,630.0,1.0,439.0,1.0,783.0,1.0,566.0,1.0,445.5,1.0,568.5,1.0,552.5,1.0,427.0,1.0,564.4375,512.0,1.0,248.5108829958787
116,clothing.n.01,tank_top.n.01,a tight-fitting sleeveless shirt with wide shoulder straps and low neck and no front opening; often worn over a shirt or blouse,True,0,0.0,1.0,810.0,1.0,522.5,1.0,448.5,1.0,652.5,1.0,411.0,1.0,379.5,1.0,510.0,1.0,862.5,1.0,712.0,1.0,579.0,1.0,545.5,1.0,585.0,1.0,643.0,1.0,820.5,1.0,469.5,1.0,803.0,1.0,2412.5,1.0,608.0,1.0,1002.0,1.0,625.5,1.0,521.0,0.5,505.5,1.0,541.0,1.0,595.0,1.0,690.1875,590.0,0.9791666666666666,397.43700109194225
103,furniture.n.01,throne.n.01,"the chair of state for a monarch, bishop, etc.",False,1,0.6666666666666666,0.5,549.5,1.0,371.5,1.0,462.5,1.0,466.5,1.0,818.5,1.0,554.0,1.0,404.5,1.0,718.0,1.0,968.0,1.0,505.5,1.0,510.5,1.0,464.5,1.0,720.0,1.0,491.0,1.0,467.5,1.0,716.0,1.0,502.5,1.0,526.0,1.0,738.0,1.0,540.0,1.0,549.0,1.0,557.0,1.0,556.0,1.0,883.0,1.0,584.9791666666666,544.5,1.0,153.25422748738
69,musical_instrument.n.01,trombone.n.01,a brass instrument consisting of a long tube whose length can be varied by a U-shaped slide,True,1,0.5,1.0,530.0,1.0,450.5,0.5,490.0,1.0,413.5,1.0,1124.5,1.0,503.0,1.0,597.0,1.0,615.5,1.0,676.5,1.0,550.0,1.0,908.5,1.0,900.5,1.0,617.5,1.0,559.0,1.0,505.0,1.0,636.5,1.0,968.0,1.0,613.5,1.0,743.0,1.0,994.0,0.5,401.0,0.5,809.0,1.0,483.5,1.0,661.0,0.5,656.2708333333334,614.5,0.9166666666666666,197.91664797864138
107,clothing.n.01,trouser.n.01,"(usually in the plural) a garment extending from the waist to the knee or ankle, covering each leg separately",True,1,0.5,1.0,901.0,1.0,399.5,1.0,468.5,1.0,655.0,1.0,580.0,1.0,354.0,1.0,441.5,1.0,730.0,0.5,549.5,1.0,629.0,1.0,508.0,1.0,531.0,1.0,535.0,1.0,592.5,1.0,433.5,1.0,1178.5,0.5,833.0,1.0,551.0,1.0,1336.5,1.0,435.5,1.0,457.0,1.0,585.0,1.0,585.0,0.5,570.5,1.0,618.3333333333334,560.75,0.9375,235.6511638301257
27,hand_tool.n.01,trowel.n.01,a small hand tool with a handle and flat metal blade; used for scooping or spreading plaster or similar materials,True,1,0.5,1.0,861.0,0.0,620.5,0.5,692.0,0.0,508.5,1.0,882.0,0.0,496.0,1.0,576.5,1.0,958.0,0.5,632.0,0.5,731.0,0.5,464.0,1.0,1231.0,0.0,807.5,0.5,549.5,0.5,727.0,0.5,533.0,1.0,964.5,0.5,787.5,0.5,1156.0,0.5,698.0,0.5,613.5,0.0,750.0,1.0,802.5,0.5,680.0,1.0,738.3958333333334,712.5,0.5416666666666666,198.1066346126152
110,clothing.n.01,turtleneck.n.01,a sweater or jersey with a high close-fitting collar,True,0,0.0,1.0,797.0,0.0,405.0,1.0,431.5,1.0,654.5,1.0,619.5,1.0,365.0,1.0,406.0,1.0,944.5,1.0,813.5,1.0,419.5,1.0,499.0,1.0,701.0,1.0,613.5,1.0,681.0,1.0,563.5,1.0,644.0,0.0,1161.5,1.0,546.5,1.0,1031.0,1.0,481.5,0.5,473.0,1.0,699.0,1.0,515.0,1.0,838.0,0.5,637.6458333333334,616.5,0.875,208.76736997072305
131,clothing.n.01,underwear.n.01,undergarment worn next to the skin and under the outer garments,False,1,0.5,0.5,779.0,1.0,634.5,1.0,480.0,1.0,611.5,0.5,687.0,0.5,673.5,0.5,656.5,1.0,913.5,0.5,663.0,0.5,603.5,1.0,559.0,1.0,1140.0,1.0,700.0,0.5,456.5,1.0,565.0,0.5,717.0,1.0,1027.5,0.5,749.5,0.5,1872.5,1.0,1149.0,1.0,587.5,1.0,807.5,0.5,610.0,0.5,551.0,1.0,758.0833333333334,668.25,0.7708333333333334,300.48416245129783
124,clothing.n.01,uplift.n.02,a brassiere that lifts and supports the breasts,True,0,0.0,1.0,671.0,1.0,511.0,1.0,668.5,0.5,732.0,0.5,696.5,1.0,387.0,0.5,608.5,0.5,662.5,0.5,996.0,0.5,554.0,0.5,880.0,1.0,705.5,0.5,794.0,0.0,800.5,1.0,496.0,1.0,627.0,1.0,2951.0,0.5,542.5,0.5,1444.5,0.5,609.5,0.5,517.5,0.5,760.0,1.0,720.5,0.0,579.0,0.5,788.1041666666666,669.75,0.625,505.342350146363
135,clothing.n.01,veil.n.01,a garment that covers the head and face,False,1,0.7,0.5,728.5,0.5,574.5,1.0,395.0,1.0,522.0,0.5,854.5,1.0,372.5,1.0,511.0,1.0,551.5,1.0,756.5,1.0,556.5,1.0,873.0,1.0,671.5,1.0,767.5,1.0,443.5,1.0,730.5,1.0,499.0,1.0,1152.5,1.0,513.5,1.0,1270.0,1.0,711.0,1.0,565.5,1.0,620.0,0.5,751.0,1.0,773.0,1.0,673.5,645.75,0.9375,216.34337642215704
63,musical_instrument.n.01,violin.n.01,bowed stringed instrument that is the highest member of the violin family; this instrument has four strings and a hollow body and an unfretted fingerboard and is played with a bow,True,1,1.0,1.0,433.5,1.0,385.5,1.0,504.5,1.0,589.0,1.0,472.5,1.0,417.0,1.0,445.0,1.0,592.0,1.0,723.5,1.0,536.0,1.0,1833.5,1.0,514.0,1.0,586.5,1.0,433.0,1.0,453.5,1.0,543.0,1.0,881.5,1.0,402.0,1.0,891.5,1.0,610.0,1.0,341.0,1.0,458.5,1.0,720.5,1.0,515.0,1.0,595.0833333333334,514.5,1.0,299.97418971097096
89,furniture.n.01,wardrobe.n.01,a tall piece of furniture that provides storage space for clothes; has a door and rails or hooks for hanging clothes,True,1,1.0,1.0,649.0,1.0,394.5,1.0,536.0,1.0,497.0,1.0,495.5,1.0,404.0,1.0,503.5,1.0,602.0,1.0,899.0,0.5,635.0,1.0,834.0,1.0,468.5,1.0,585.5,1.0,378.5,1.0,495.5,1.0,561.5,1.0,987.5,1.0,585.0,1.0,1954.5,0.5,526.5,0.5,439.5,1.0,660.5,1.0,553.5,1.0,614.5,1.0,635.8541666666666,557.5,0.9375,318.5382537660412
46,edible_fruit.n.01,watermelon.n.02,large oblong or roundish melon with a hard green rind and sweet watery red or occasionally yellowish pulp,True,0,1.0,1.0,501.5,1.0,319.0,1.0,372.5,1.0,372.5,1.0,557.5,1.0,375.0,1.0,510.0,1.0,766.5,1.0,543.0,1.0,472.0,1.0,448.0,1.0,464.5,1.0,569.0,1.0,405.5,1.0,422.5,1.0,436.0,1.0,553.0,1.0,596.5,1.0,660.0,1.0,491.0,1.0,432.0,1.0,457.5,1.0,536.5,1.0,488.0,1.0,489.5625,480.0,1.0,99.74187473717825
29,hand_tool.n.01,wrench.n.03,a hand tool that is used to hold or twist a nut or bolt,True,1,1.0,1.0,699.5,0.5,574.5,1.0,421.0,1.0,1815.0,0.5,615.5,1.0,380.0,1.0,451.0,1.0,529.0,1.0,485.0,1.0,605.5,0.0,440.5,1.0,767.0,1.0,1136.0,1.0,415.0,1.0,529.0,1.0,983.0,1.0,1020.5,1.0,575.0,1.0,1279.0,0.0,628.0,1.0,835.0,0.0,550.5,1.0,1044.0,0.5,723.5,0.5,729.25,610.5,0.7916666666666666,338.9840640091713
102,furniture.n.01,writing_desk.n.02,a desk for writing (usually with a sloping top),True,0,0.3333333333333333,1.0,1016.5,1.0,354.0,1.0,573.5,1.0,462.5,1.0,665.0,1.0,376.0,1.0,434.0,1.0,551.5,1.0,973.0,1.0,647.5,1.0,723.5,1.0,623.5,1.0,634.5,1.0,392.5,1.0,510.0,1.0,590.5,1.0,849.5,1.0,609.0,1.0,1127.5,1.0,484.5,1.0,629.5,1.0,644.5,0.5,633.5,1.0,514.5,1.0,625.8541666666666,616.25,0.9791666666666666,197.4512311370487
